from,to,weight
1112,1111,7
1112,2173,1
1112,2612,1
1113,1111,2
1113,1121,1
1113,2392,1
1113,2611,2
1113,2826,1
1211,1112,1
1211,1511,1
1214,1111,1
1214,1112,1
1214,1511,2
1214,1617,1
1214,2131,1
1214,2311,1
1214,2391,1
1214,2611,1
1215,1121,1
1215,1222,1
1215,1622,1
1215,2134,1
1215,2182,1
1221,1111,1
1221,1112,1
1221,1211,1
1221,1222,1
1221,1223,1
1221,1622,2
1221,2111,1
1221,2114,1
1221,2131,1
1221,2133,1
1221,2151,1
1221,2152,1
1221,2173,1
1221,2251,1
1221,2311,1
1221,2611,1
1221,2822,1
1221,2849,1
1222,1511,1
1223,1111,1
1223,1112,1
1223,1121,1
1223,2173,1
1223,2251,1
1223,2611,1
1311,1111,1
1311,1112,1
1311,1121,1
1311,1223,2
1311,1321,3
1311,1411,1
1311,1612,1
1311,2182,2
1311,2611,1
1311,2911,1
1312,1111,1
1312,1112,1
1312,1121,1
1312,2611,1
1321,1111,1
1321,1112,1
1321,2134,1
1321,2152,1
1321,2611,1
1322,1211,1
1322,1223,1
1322,1321,1
1322,1511,1
1322,2152,1
1323,1321,1
1323,1511,1
1323,1617,1
1323,2131,1
1323,2152,1
1324,1214,2
1324,1223,2
1324,1311,3
1324,1321,2
1324,2182,3
1324,2262,1
1324,2263,2
1411,1111,1
1411,1112,1
1411,1121,1
1411,1511,1
1411,1617,1
1411,2131,1
1411,2162,1
1411,2611,2
1412,7514,1
1421,1211,1
1421,1222,2
1421,1323,1
1421,1622,1
1421,2161,1
1421,2162,1
1421,2183,1
1421,2849,1
1511,1111,1
1612,1111,1
1612,1112,1
1612,1321,2
1612,2211,3
1612,2212,3
1612,2241,3
1612,2261,1
1612,2264,1
1612,2267,1
1612,2611,1
1612,2824,1
1612,2825,1
1614,1111,1
1617,1111,2
1617,1511,1
1617,2131,1
1617,2612,1
1621,1211,1
1621,1222,1
1621,1323,1
1621,1622,5
1621,3123,1
1621,5151,1
1623,1223,1
1623,1511,1
2111,1111,1
2111,2173,1
2112,1111,1
2112,1112,1
2112,1221,1
2112,1223,1
2112,2111,7
2112,2113,6
2112,2114,4
2112,2121,1
2112,2131,3
2112,2132,3
2112,2133,4
2112,2134,2
2112,2143,2
2112,2145,1
2112,2151,1
2112,2152,1
2112,2153,1
2112,2173,1
2112,2182,1
2112,2251,1
2112,2262,1
2112,2269,1
2112,2311,1
2112,2399,1
2112,2412,1
2112,2422,1
2112,2426,1
2112,2434,1
2112,2521,1
2112,2523,1
2112,2611,1
2112,2619,1
2112,2821,1
2112,2822,3
2112,2831,1
2112,2849,1
2112,2912,1
2112,3116,3
2112,3713,1
2113,2111,6
2113,2114,3
2113,2131,2
2113,2133,3
2113,2134,2
2113,2182,1
2114,1111,1
2114,2173,1
2121,1511,2
2121,1615,1
2121,2111,1
2121,2114,1
2121,2131,1
2121,2391,1
2121,2422,1
2131,1111,1
2131,2114,3
2131,2173,1
2132,1111,1
2132,1112,1
2132,1214,1
2132,1221,1
2132,1223,1
2132,1323,1
2132,1411,1
2132,1511,1
2132,1617,1
2132,2111,3
2132,2113,2
2132,2114,3
2132,2131,5
2132,2133,4
2132,2134,2
2132,2143,1
2132,2145,1
2132,2151,1
2132,2152,1
2132,2161,1
2132,2162,1
2132,2173,1
2132,2251,1
2132,2262,2
2132,2263,1
2132,2311,2
2132,2331,1
2132,2341,1
2132,2361,1
2132,2391,1
2132,2426,1
2132,2611,1
2132,2619,2
2132,2711,1
2132,2822,3
2132,2832,1
2132,2849,1
2132,2915,1
2132,2916,1
2133,1111,1
2133,1112,1
2133,1511,1
2133,1617,1
2133,1622,1
2133,2111,4
2133,2114,4
2133,2131,4
2133,2152,1
2133,2162,1
2133,2173,1
2133,2611,1
2133,2824,1
2133,2849,1
2141,1321,1
2141,1322,1
2141,1323,1
2141,2142,2
2141,2144,4
2141,2151,2
2141,2152,2
2141,2161,1
2141,2162,1
2142,1321,1
2142,1322,1
2142,1511,1
2142,1617,1
2142,2131,1
2142,2152,2
2143,1111,1
2143,1112,1
2143,1622,1
2143,2111,2
2143,2114,1
2143,2131,1
2143,2133,2
2143,2152,2
2143,2162,1
2143,2173,1
2143,2263,1
2143,2311,1
2143,2611,1
2143,2619,1
2143,2822,1
2143,2849,1
2144,1321,1
2144,1323,1
2144,2151,3
2144,2152,2
2144,2162,1
2145,1111,1
2145,2111,1
2145,2114,1
2145,2131,1
2145,2173,1
2145,2311,1
2146,2131,1
2146,2391,1
2149,1111,1
2149,1112,1
2149,1121,1
2149,1223,3
2149,1321,2
2149,2111,4
2149,2114,3
2149,2134,2
2149,2152,3
2149,2173,1
2149,2251,1
2149,2611,1
2151,1111,1
2151,1112,1
2151,1223,1
2151,1321,1
2151,1323,1
2151,2111,1
2151,2114,1
2151,2131,1
2151,2133,1
2151,2152,4
2151,2162,1
2151,2164,1
2151,2173,2
2151,2251,1
2151,2311,1
2151,2611,1
2151,2849,1
2152,1111,1
2152,1112,1
2152,2173,1
2152,2611,1
2153,1111,1
2153,1112,1
2153,1221,1
2153,1223,1
2153,2111,1
2153,2114,1
2153,2131,1
2153,2133,1
2153,2151,1
2153,2152,1
2153,2173,1
2153,2251,1
2153,2269,1
2153,2311,1
2153,2611,1
2153,2822,1
2153,2849,1
2161,1321,1
2161,1322,2
2161,1323,7
2161,1511,1
2161,1617,1
2161,2131,1
2161,2152,1
2161,2162,7
2162,1511,1
2162,1617,1
2162,2131,1
2162,2152,1
2163,1221,1
2163,1421,1
2165,1111,1
2165,1112,1
2165,1223,1
2165,1511,1
2165,2111,1
2165,2114,1
2165,2131,2
2165,2152,1
2165,2171,1
2165,2172,1
2165,2173,1
2165,2251,1
2165,2269,1
2165,2611,1
2166,1511,1
2166,2321,2
2166,2844,1
2171,2172,1
2173,1111,1
2175,2172,1
2182,2111,1
2182,2134,1
2183,2162,2
2183,2824,1
2211,2212,5
2221,2212,3
2221,2261,1
2221,3221,2
2221,5412,1
2231,2211,2
2231,2212,2
2231,2221,3
2231,2261,1
2231,2264,1
2231,2267,1
2231,2824,1
2231,3221,1
2231,3256,1
2241,2211,2
2241,2212,3
2241,2341,1
2251,1111,1
2251,2173,1
2251,2611,1
2262,1111,1
2262,1112,1
2262,1511,1
2262,2111,1
2262,2114,1
2262,2131,3
2262,2133,1
2262,2152,1
2262,2173,1
2262,2211,1
2262,2212,1
2262,2251,1
2262,2261,1
2262,2263,1
2262,2267,1
2262,2311,2
2262,2331,1
2262,2341,1
2262,2611,1
2262,2619,2
2262,2822,1
2262,2824,1
2262,2849,1
2262,2915,1
2262,2916,1
2263,1511,1
2263,1617,1
2263,1622,1
2263,2131,1
2263,2311,1
2263,2331,1
2263,2915,1
2264,2211,1
2264,2212,1
2264,2261,1
2265,2131,1
2265,2134,1
2265,2263,1
2265,2311,1
2265,2331,1
2265,2341,1
2265,2361,1
2265,2619,1
2265,2915,1
2266,2264,1
2266,2392,1
2266,3255,1
2267,2212,1
2269,1111,1
2269,1112,1
2269,1223,1
2269,2111,1
2269,2114,1
2269,2152,1
2269,2173,1
2269,2211,1
2269,2212,2
2269,2251,1
2269,2261,1
2269,2264,1
2269,2267,1
2269,2611,1
2269,2824,1
2269,2825,1
2311,1111,2
2311,2114,1
2311,2131,2
2311,2173,1
2321,2844,1
2331,2915,1
2341,2915,1
2342,2392,2
2353,2341,1
2353,2392,1
2353,2915,1
2353,3634,1
2361,2131,1
2361,2311,1
2361,2915,1
2371,1111,1
2371,1112,1
2371,1113,1
2371,2342,1
2371,2392,3
2371,2611,1
2371,2826,2
2371,2915,1
2371,5413,1
2381,2143,1
2381,2145,2
2381,2146,2
2381,2152,2
2381,2162,1
2391,1111,1
2391,1614,1
2391,1615,1
2391,2131,1
2392,1111,1
2399,1111,2
2399,1112,2
2399,1223,1
2399,1321,1
2399,1612,1
2399,2111,1
2399,2114,1
2399,2131,2
2399,2152,1
2399,2173,1
2399,2251,1
2399,2269,1
2399,2331,2
2399,2341,1
2399,2611,2
2399,2825,1
2399,2915,1
2411,1112,1
2411,1211,2
2411,1212,1
2411,1214,2
2411,1223,2
2411,1311,3
2411,1312,1
2411,1321,3
2411,1323,1
2411,1324,2
2411,1421,1
2411,1611,1
2411,1612,1
2411,1614,1
2411,2161,1
2411,2162,1
2411,2182,2
2411,2183,1
2411,2263,2
2411,2412,1
2411,2413,1
2411,2423,2
2411,2424,1
2411,2425,3
2411,2912,2
2411,3712,2
2411,3713,2
2412,1111,1
2412,1112,1
2412,1121,1
2412,1211,1
2412,1215,1
2412,1223,2
2412,1611,1
2412,1614,1
2412,1622,1
2412,2111,1
2412,2114,1
2412,2131,1
2412,2133,1
2412,2143,1
2412,2145,1
2412,2152,1
2412,2173,1
2412,2251,1
2412,2262,1
2412,2311,1
2412,2421,1
2412,2422,1
2412,2426,1
2412,2434,1
2412,2611,1
2412,2619,1
2412,2822,1
2412,2849,1
2413,1511,1
2413,1622,1
2413,2131,1
2421,1111,1
2421,1112,1
2421,1121,2
2421,1212,1
2421,1214,1
2421,1215,1
2421,1222,1
2421,1411,1
2421,1511,1
2421,2131,1
2421,2311,1
2421,2422,1
2421,2426,1
2421,2434,1
2421,2611,1
2421,2619,1
2422,1111,2
2422,2114,1
2422,2131,2
2422,2173,1
2422,2311,3
2423,1111,1
2423,1112,1
2423,1121,1
2423,1212,1
2423,1214,3
2423,1215,1
2423,1222,1
2423,1223,2
2423,1311,3
2423,1321,2
2423,1324,2
2423,1411,1
2423,2182,2
2423,2263,2
2423,2311,1
2423,2421,2
2423,2422,1
2423,2425,1
2423,2431,1
2423,2434,1
2423,2611,1
2423,2619,1
2423,2711,1
2423,2911,1
2424,1111,1
2424,1112,1
2424,1221,1
2424,1223,1
2424,1311,1
2424,1312,1
2424,1321,1
2424,1612,1
2424,2111,1
2424,2114,1
2424,2131,2
2424,2132,2
2424,2133,1
2424,2143,1
2424,2145,1
2424,2151,1
2424,2152,1
2424,2153,1
2424,2165,1
2424,2173,1
2424,2251,1
2424,2262,2
2424,2263,1
2424,2265,1
2424,2269,1
2424,2311,2
2424,2331,1
2424,2341,1
2424,2361,1
2424,2399,2
2424,2422,2
2424,2425,2
2424,2426,1
2424,2434,1
2424,2519,1
2424,2521,1
2424,2523,1
2424,2611,1
2424,2619,2
2424,2711,1
2424,2811,1
2424,2822,1
2424,2832,1
2424,2849,1
2424,2913,1
2424,2915,1
2424,2916,1
2424,3712,1
2425,1111,1
2425,1112,1
2425,1121,1
2425,1212,1
2425,1214,1
2425,1321,1
2425,1323,1
2425,1411,1
2425,1421,1
2425,1612,1
2425,2131,1
2425,2132,1
2425,2161,1
2425,2162,1
2425,2183,1
2425,2262,1
2425,2263,1
2425,2265,1
2425,2311,2
2425,2331,1
2425,2341,1
2425,2361,1
2425,2399,1
2425,2422,2
2425,2434,1
2425,2611,1
2425,2619,2
2425,2711,2
2425,2832,1
2425,2911,1
2425,2913,1
2425,2915,1
2425,2916,1
2426,1111,1
2426,1112,1
2426,1212,1
2426,2111,1
2426,2114,1
2426,2131,1
2426,2133,1
2426,2152,1
2426,2173,1
2426,2311,1
2426,2611,1
2426,2822,1
2426,2849,1
2431,1121,1
2431,1215,1
2431,1222,3
2431,1223,1
2432,1615,1
2432,1617,1
2432,2263,1
2433,2145,1
2433,2146,1
2433,2152,1
2434,1111,2
2434,1112,2
2434,1214,2
2434,1511,1
2434,1617,1
2434,2111,1
2434,2114,1
2434,2131,2
2434,2145,1
2434,2146,1
2434,2152,1
2434,2162,1
2434,2173,1
2434,2311,2
2434,2391,1
2434,2611,2
2434,2822,1
2434,2824,1
2434,2849,1
2511,1214,1
2511,1511,3
2511,2121,1
2512,1111,1
2512,1511,3
2512,2111,1
2512,2114,1
2512,2131,1
2512,2173,1
2512,2311,1
2512,2422,1
2512,3514,1
2513,1214,1
2513,1222,1
2513,1511,3
2513,2152,1
2513,2153,1
2513,2381,1
2513,2519,3
2513,2521,2
2513,2523,2
2514,1511,3
2514,2381,1
2514,2521,3
2519,1111,1
2519,1112,1
2519,1221,1
2519,1223,2
2519,1511,1
2519,1623,1
2519,2111,2
2519,2113,1
2519,2114,1
2519,2131,1
2519,2133,1
2519,2151,1
2519,2152,2
2519,2165,1
2519,2173,1
2519,2182,1
2519,2251,1
2519,2269,1
2519,2311,2
2519,2399,1
2519,2611,1
2519,2822,1
2519,2849,1
2521,1111,1
2521,1112,1
2521,1221,1
2521,1223,1
2521,1511,3
2521,2111,1
2521,2114,1
2521,2131,1
2521,2133,2
2521,2143,1
2521,2145,1
2521,2151,1
2521,2152,1
2521,2173,1
2521,2183,1
2521,2251,1
2521,2262,1
2521,2311,1
2521,2381,1
2521,2426,1
2521,2611,1
2521,2619,1
2521,2822,1
2521,2824,1
2521,2849,1
2522,1511,3
2523,1111,1
2523,1112,1
2523,1221,1
2523,1223,1
2523,1511,2
2523,2111,1
2523,2114,1
2523,2131,1
2523,2133,1
2523,2151,1
2523,2152,2
2523,2153,1
2523,2173,1
2523,2251,1
2523,2269,1
2523,2311,1
2523,2611,1
2523,2619,1
2523,2822,1
2523,2849,1
2611,1111,6
2611,2173,1
2611,2612,1
2612,1111,1
2619,1111,2
2619,1112,2
2619,1214,1
2619,2111,1
2619,2114,1
2619,2131,2
2619,2133,1
2619,2152,1
2619,2173,1
2619,2263,1
2619,2311,3
2619,2331,1
2619,2341,1
2619,2611,2
2619,2822,1
2619,2849,1
2619,2915,1
2711,1111,1
2711,1112,1
2711,1121,1
2711,1411,1
2711,2131,1
2711,2311,2
2711,2331,1
2711,2341,1
2711,2611,1
2711,2911,1
2711,2915,1
2711,2916,1
2712,1111,1
2712,1112,1
2712,1113,1
2712,1121,2
2712,1312,1
2712,2111,1
2712,2149,1
2712,2611,1
2712,3622,1
2712,3634,1
2712,3641,3
2712,5415,1
2712,7514,2
2811,2131,1
2811,2262,1
2811,2263,1
2811,2311,1
2811,2331,1
2811,2341,1
2811,2361,1
2811,2399,1
2811,2619,1
2811,2711,1
2811,2915,1
2811,2916,1
2821,1111,1
2821,1112,1
2821,1622,1
2821,2111,1
2821,2114,1
2821,2131,1
2821,2133,1
2821,2143,1
2821,2145,1
2821,2152,1
2821,2173,1
2821,2251,1
2821,2311,1
2821,2422,1
2821,2426,1
2821,2434,1
2821,2611,1
2821,2619,1
2821,2822,1
2821,2849,1
2822,1111,1
2822,1112,1
2822,2111,3
2822,2114,3
2822,2131,3
2822,2173,1
2822,2311,1
2822,2849,1
2824,2212,1
2825,1111,1
2825,1112,1
2825,2611,1
2825,2824,1
2831,1111,1
2831,1112,1
2831,1221,1
2831,1223,1
2831,1615,1
2831,2111,1
2831,2114,1
2831,2131,1
2831,2132,1
2831,2133,1
2831,2143,1
2831,2145,1
2831,2151,1
2831,2152,1
2831,2153,1
2831,2173,1
2831,2251,1
2831,2262,1
2831,2269,1
2831,2311,1
2831,2399,1
2831,2422,1
2831,2426,1
2831,2434,1
2831,2521,1
2831,2523,1
2831,2611,1
2831,2619,1
2831,2822,1
2831,2832,2
2831,2849,1
2832,1222,1
2832,1511,1
2832,2131,2
2832,2262,2
2832,2263,1
2832,2311,1
2832,2331,1
2832,2341,1
2832,2361,1
2832,2619,1
2832,2915,1
2832,2916,1
2833,2131,1
2833,2132,1
2833,2262,1
2833,2263,1
2833,2265,1
2833,2311,1
2833,2331,1
2833,2341,1
2833,2361,1
2833,2392,1
2833,2399,1
2833,2422,1
2833,2425,1
2833,2619,1
2833,2711,1
2833,2811,1
2833,2832,1
2833,2913,1
2833,2915,1
2833,2916,1
2833,3634,1
2841,1511,1
2841,2844,2
2841,3521,1
2841,3631,1
2842,1223,1
2842,1511,1
2842,2134,1
2844,1511,1
2849,1111,1
2849,1112,1
2849,2111,1
2849,2114,1
2849,2131,1
2849,2173,1
2911,1111,1
2911,1112,1
2911,1121,1
2911,2611,1
2911,2915,1
2912,1111,1
2912,1112,1
2912,2111,1
2912,2114,1
2912,2131,1
2912,2133,1
2912,2143,1
2912,2145,1
2912,2152,1
2912,2162,1
2912,2173,1
2912,2183,1
2912,2251,1
2912,2311,1
2912,2422,1
2912,2426,1
2912,2434,1
2912,2611,1
2912,2619,1
2912,2822,1
2912,2849,1
2913,2131,1
2913,2311,1
2914,1111,1
2914,1112,1
2914,1121,1
2914,1214,1
2914,1411,1
2914,2131,1
2914,2262,1
2914,2263,1
2914,2265,1
2914,2311,2
2914,2331,1
2914,2341,1
2914,2361,1
2914,2421,1
2914,2422,2
2914,2434,1
2914,2611,1
2914,2619,2
2914,2832,1
2914,2911,2
2914,2913,2
2914,2915,2
2914,2916,2
2916,2131,1
2916,2331,1
2916,2341,1
2916,2915,2
2919,2131,1
2919,2262,1
2919,2263,1
2919,2265,2
2919,2311,1
2919,2331,1
2919,2341,1
2919,2361,1
2919,2422,1
2919,2619,1
2919,2913,2
2919,2915,2
2919,2916,2
3111,1121,1
3111,2111,2
3111,2114,2
3111,2131,3
3111,2134,2
3111,2149,3
3111,2152,1
3111,2331,1
3111,2341,1
3111,2353,1
3111,2392,1
3111,2915,1
3111,3142,1
3111,3143,1
3111,3144,2
3111,3151,1
3111,3152,1
3111,3241,1
3111,3256,1
3111,3634,1
3112,1223,1
3112,1323,1
3112,2111,1
3112,2113,1
3112,2141,1
3112,2142,1
3112,2144,1
3112,2149,3
3112,2151,1
3112,2152,1
3112,2161,1
3112,2162,1
3112,2182,1
3112,2311,1
3112,2519,2
3112,2712,1
3112,3111,2
3112,3116,3
3112,3121,1
3112,3141,1
3112,3142,1
3112,3143,2
3112,3144,2
3112,3151,1
3112,3152,1
3112,3159,1
3112,3241,1
3112,3256,1
3113,2141,1
3113,2142,1
3113,2143,1
3113,2144,1
3113,2145,1
3113,2146,1
3113,2149,1
3113,2151,2
3113,2152,1
3113,2173,1
3113,2381,2
3113,3111,1
3113,3116,1
3113,3143,1
3113,3144,1
3113,3151,1
3113,3152,1
3113,3241,1
3113,3256,1
3114,2141,1
3114,2142,1
3114,2143,1
3114,2144,1
3114,2145,1
3114,2146,1
3114,2149,1
3114,2151,2
3114,2152,1
3114,2173,1
3114,2381,2
3114,3111,1
3114,3116,1
3114,3143,1
3114,3144,1
3114,3151,1
3114,3152,1
3114,3241,1
3114,3256,1
3115,2111,2
3115,2113,2
3115,2114,1
3115,2131,1
3115,2132,1
3115,2133,1
3115,2134,1
3115,2141,1
3115,2142,1
3115,2143,1
3115,2144,3
3115,2145,2
3115,2146,2
3115,2149,4
3115,2151,2
3115,2152,1
3115,2182,1
3115,2381,1
3115,2519,1
3115,2712,1
3115,2822,1
3115,3111,3
3115,3112,3
3115,3116,5
3115,3119,2
3115,3121,1
3115,3143,1
3115,3144,1
3115,3151,3
3115,3152,3
3115,3154,3
3115,3241,1
3115,3255,1
3115,3256,1
3115,7221,1
3115,7232,2
3116,2111,3
3116,2113,3
3116,2114,1
3116,2131,1
3116,2133,1
3116,2134,1
3116,2142,1
3116,2144,1
3116,2151,1
3116,2152,1
3116,2182,1
3116,2822,1
3117,1323,1
3117,1623,1
3117,2111,1
3117,2113,1
3117,2141,1
3117,2142,1
3117,2143,2
3117,2144,1
3117,2145,1
3117,2146,1
3117,2149,2
3117,2151,1
3117,2152,1
3117,2161,1
3117,2162,1
3117,2182,1
3117,2381,1
3117,2519,1
3117,2712,1
3117,3111,2
3117,3116,5
3117,3118,1
3117,3121,2
3117,3142,1
3117,3143,2
3117,3144,2
3117,3151,1
3117,3152,1
3117,3159,1
3117,3241,1
3117,3256,1
3117,5413,1
3118,2141,1
3118,2142,2
3118,2143,1
3118,2144,1
3118,2145,1
3118,2146,1
3118,2149,2
3118,2151,2
3118,2152,1
3118,2164,1
3118,2165,1
3118,2381,1
3118,3111,1
3118,3116,1
3118,3143,1
3118,3144,1
3118,3151,1
3118,3152,1
3118,3241,1
3118,3256,1
3119,1323,1
3119,1411,1
3119,1511,1
3119,1617,1
3119,2131,1
3119,2142,2
3119,2149,1
3119,2152,1
3119,2161,1
3119,2162,1
3119,2165,1
3119,2842,1
3119,3111,1
3119,3123,1
3119,3135,2
3119,3141,1
3119,3142,1
3119,3143,2
3119,3144,2
3119,3151,2
3119,3152,2
3119,3211,1
3119,3212,1
3119,3241,1
3119,3255,1
3119,3256,1
3119,3511,1
3119,3512,1
3119,3513,1
3119,3622,1
3119,6113,1
3119,7211,1
3119,7232,1
3121,1623,1
3122,1111,1
3122,1112,1
3122,1113,1
3122,1121,1
3122,1214,2
3122,1223,1
3122,1311,3
3122,1312,1
3122,1321,1
3122,1324,3
3122,1411,1
3122,1412,1
3122,1623,1
3122,2182,1
3122,2262,1
3122,2263,1
3122,2265,1
3122,2311,1
3122,2422,1
3122,2434,1
3122,2611,1
3122,2619,1
3122,2711,1
3122,2712,1
3122,2811,1
3122,2911,1
3122,3112,1
3122,3116,1
3122,3121,2
3122,3135,1
3122,3141,1
3122,3142,2
3122,3143,1
3122,3144,1
3122,3213,1
3122,3622,1
3122,3633,1
3122,3634,1
3122,3641,1
3122,4229,1
3122,4411,1
3122,5413,2
3122,5415,1
3123,1111,1
3123,1112,1
3123,1113,1
3123,1121,1
3123,2611,1
3123,3135,1
3123,3641,1
3123,5413,1
3129,1111,1
3129,1112,1
3129,1113,1
3129,1121,1
3129,1214,1
3129,1311,1
3129,1312,1
3129,1411,1
3129,1623,1
3129,2311,1
3129,2421,1
3129,2422,1
3129,2425,1
3129,2434,1
3129,2611,1
3129,2619,1
3129,2711,1
3129,2712,1
3129,2911,1
3129,3112,1
3129,3116,1
3129,3119,1
3129,3121,2
3129,3122,3
3129,3123,3
3129,3135,1
3129,3141,1
3129,3142,1
3129,3143,1
3129,3144,1
3129,3622,1
3129,3633,1
3129,3634,1
3129,3641,1
3129,5413,1
3129,5415,1
3131,2173,1
3131,3135,3
3131,3151,1
3131,3152,1
3131,3153,1
3131,3154,1
3131,5153,1
3131,7213,1
3131,7239,1
3131,7421,3
3131,7422,3
3131,8111,2
3131,8112,2
3131,8113,2
3131,8114,1
3131,8122,1
3131,8131,1
3131,8211,1
3132,1111,1
3132,2173,1
3132,3135,5
3132,7127,2
3132,8111,2
3132,8112,2
3132,8113,2
3132,8114,1
3132,8121,1
3132,8122,1
3132,8131,1
3132,8154,1
3132,8211,1
3132,8212,1
3132,8344,1
3133,1111,1
3133,1112,1
3133,2173,1
3133,2251,1
3133,2611,1
3133,3135,6
3133,8112,2
3133,8113,2
3133,8122,1
3134,1111,1
3134,1112,1
3134,2173,1
3134,2251,1
3134,2611,1
3134,3132,5
3134,3135,6
3134,7127,2
3134,8111,2
3134,8112,2
3134,8113,2
3134,8114,1
3134,8121,1
3134,8122,1
3134,8131,1
3134,8132,1
3134,8141,1
3134,8151,1
3134,8152,1
3134,8154,1
3134,8156,1
3134,8171,1
3134,8182,2
3134,8189,1
3134,8211,1
3134,8212,1
3134,8221,1
3134,8344,1
3135,1111,1
3135,2173,1
3141,1111,1
3141,1112,1
3141,1211,1
3141,1223,2
3141,1322,1
3141,1511,1
3141,1623,1
3141,2111,2
3141,2114,2
3141,2131,2
3141,2134,2
3141,2149,1
3141,2152,1
3141,2165,1
3141,2173,1
3141,2251,1
3141,2269,1
3141,2399,1
3141,2611,1
3141,3111,2
3141,3142,6
3141,3143,5
3141,3144,5
3141,3241,1
3142,1111,1
3142,1112,1
3142,1223,2
3142,2134,2
3142,2173,1
3142,2251,1
3142,2611,1
3143,1111,1
3143,1112,1
3143,1223,1
3143,2111,1
3143,2134,1
3143,2152,2
3143,2173,1
3143,2251,1
3143,2611,1
3143,3152,1
3143,3256,1
3144,1111,1
3144,1112,1
3144,1223,1
3144,1312,1
3144,2111,2
3144,2114,2
3144,2134,2
3144,2152,2
3144,2173,1
3144,2251,1
3144,2611,1
3144,3142,6
3144,3143,6
3144,3151,1
3144,3152,1
3144,3256,1
3153,3151,3
3153,3154,3
3153,7232,1
3159,1323,1
3159,2152,1
3159,2161,1
3159,2162,1
3211,2212,1
3212,2212,1
3212,3211,3
3222,3221,2
3222,3256,1
3231,1111,1
3231,1112,1
3231,1223,1
3231,2111,1
3231,2114,1
3231,2131,1
3231,2149,1
3231,2152,1
3231,2165,1
3231,2173,1
3231,2251,1
3231,2269,1
3231,2399,1
3231,2611,1
3231,3142,1
3231,3143,1
3231,3144,1
3241,3151,1
3251,3221,1
3251,3256,1
3252,2134,1
3252,2265,1
3252,3141,1
3252,3142,1
3252,3143,1
3252,3144,1
3252,3259,1
3252,4121,1
3252,4211,1
3252,4323,1
3252,5312,1
3254,2211,1
3254,2212,1
3254,2261,1
3254,2264,1
3254,2267,1
3254,2824,1
3254,3221,1
3254,3256,1
3255,3151,1
3256,2211,1
3256,2212,2
3256,2251,1
3256,2261,1
3256,2264,2
3256,2267,1
3256,3152,1
3256,3221,2
3257,2825,1
3257,2826,1
3258,2212,1
3258,5321,1
3258,5411,1
3258,5412,1
3259,2212,1
3311,1111,1
3311,1112,1
3311,1211,2
3311,1221,2
3311,1223,1
3311,1421,1
3311,1622,1
3311,2111,1
3311,2114,1
3311,2131,1
3311,2132,1
3311,2133,1
3311,2143,1
3311,2145,1
3311,2151,1
3311,2152,1
3311,2153,1
3311,2165,1
3311,2173,1
3311,2251,1
3311,2262,1
3311,2269,1
3311,2311,1
3311,2399,1
3311,2422,1
3311,2426,1
3311,2434,1
3311,2519,1
3311,2521,1
3311,2523,1
3311,2611,1
3311,2619,1
3311,2822,1
3311,2849,1
3311,3712,1
3313,1111,1
3313,1112,1
3313,1121,1
3313,1211,1
3313,1221,1
3313,1223,1
3313,2111,1
3313,2114,1
3313,2131,1
3313,2132,1
3313,2133,1
3313,2143,1
3313,2145,1
3313,2149,1
3313,2151,1
3313,2152,1
3313,2153,1
3313,2165,1
3313,2173,1
3313,2251,1
3313,2262,1
3313,2269,1
3313,2311,1
3313,2399,1
3313,2422,1
3313,2426,1
3313,2434,1
3313,2519,1
3313,2521,1
3313,2523,1
3313,2611,1
3313,2619,1
3313,2822,1
3313,2849,1
3313,3142,1
3313,3143,1
3313,3144,1
3313,3231,1
3313,3315,1
3313,3712,2
3313,3714,2
3314,1111,1
3314,1112,1
3314,1221,1
3314,1223,1
3314,1511,1
3314,2111,1
3314,2114,1
3314,2131,2
3314,2132,1
3314,2133,1
3314,2143,1
3314,2145,1
3314,2149,1
3314,2151,1
3314,2152,1
3314,2153,1
3314,2165,1
3314,2173,1
3314,2251,1
3314,2262,2
3314,2269,1
3314,2311,1
3314,2399,1
3314,2421,1
3314,2422,1
3314,2426,1
3314,2434,1
3314,2519,1
3314,2521,1
3314,2523,1
3314,2611,1
3314,2619,1
3314,2822,1
3314,2832,1
3314,2849,1
3314,3142,1
3314,3143,1
3314,3311,1
3314,3712,1
3315,1111,1
3315,1112,1
3315,1223,1
3315,2111,1
3315,2114,1
3315,2131,1
3315,2133,1
3315,2149,1
3315,2151,1
3315,2152,1
3315,2165,1
3315,2173,1
3315,2251,1
3315,2269,1
3315,2311,1
3315,2399,1
3315,2611,1
3315,2849,1
3315,3142,1
3315,3143,1
3321,1221,1
3321,1222,1
3321,1421,1
3321,2211,1
3321,2212,1
3321,2431,1
3322,1221,1
3322,1222,1
3322,1421,1
3322,2431,1
3322,3321,1
3323,1323,1
3323,1324,1
3323,1412,1
3323,1421,1
3323,2161,1
3323,2162,1
3323,2182,1
3323,2183,1
3323,2425,1
3323,2432,1
3323,2912,1
3323,3712,1
3323,3713,1
3323,3714,1
3332,1111,1
3332,1112,1
3332,1113,1
3332,1121,1
3332,1214,1
3332,1311,1
3332,1312,1
3332,1411,1
3332,2311,1
3332,2421,1
3332,2422,1
3332,2425,1
3332,2434,1
3332,2611,1
3332,2619,1
3332,2711,1
3332,2712,1
3332,2911,1
3332,3122,1
3332,3123,1
3332,3333,2
3332,3622,1
3332,3633,1
3332,3634,1
3332,3641,1
3332,3711,1
3332,4323,1
3332,5222,1
3332,5415,1
3333,1111,1
3333,1112,1
3333,1113,1
3333,1121,1
3333,1214,1
3333,1311,1
3333,1312,1
3333,1411,1
3333,2311,1
3333,2422,1
3333,2434,1
3333,2611,1
3333,2619,1
3333,2711,1
3333,2712,1
3333,2911,1
3333,3123,1
3333,3622,1
3333,3633,1
3333,3634,1
3333,3641,1
3333,4323,1
3333,5415,1
3334,1323,1
3334,1622,1
3334,2431,1
3339,1323,1
3339,1622,1
3341,1111,1
3341,1112,1
3341,1113,1
3341,1121,1
3341,1214,1
3341,1311,2
3341,1312,2
3341,1321,1
3341,1411,1
3341,1612,1
3341,1622,1
3341,2134,1
3341,2265,1
3341,2311,1
3341,2421,1
3341,2422,1
3341,2423,1
3341,2424,1
3341,2425,2
3341,2434,1
3341,2611,1
3341,2619,1
3341,2711,1
3341,2911,1
3341,2914,1
3341,3142,1
3341,3143,1
3341,3144,1
3341,3622,1
3341,3633,1
3341,3634,1
3341,3641,1
3341,5415,1
3343,1111,1
3343,1112,1
3343,1113,1
3343,1121,1
3343,1214,1
3343,1215,1
3343,1311,1
3343,1312,1
3343,1411,1
3343,2134,1
3343,2265,1
3343,2311,1
3343,2421,1
3343,2422,1
3343,2425,2
3343,2432,1
3343,2434,1
3343,2611,1
3343,2619,1
3343,2711,1
3343,2712,1
3343,2911,1
3343,3122,1
3343,3141,1
3343,3142,1
3343,3143,1
3343,3144,1
3343,3622,1
3343,3633,1
3343,3634,1
3343,3641,1
3343,4121,2
3343,5415,1
3344,1222,1
3344,1421,1
3344,1612,1
3344,2121,1
3344,2211,1
3344,2212,1
3344,2221,2
3344,2231,1
3344,2241,1
3344,2261,1
3344,2262,1
3344,2264,1
3344,2265,1
3344,2267,1
3344,2269,1
3344,2341,1
3344,2811,1
3344,2824,1
3344,2849,1
3344,2919,1
3344,3122,1
3344,3221,2
3344,3222,1
3344,3254,1
3344,3256,2
3344,4111,1
3344,4121,1
3344,4131,1
3344,4132,1
3344,4211,1
3344,4213,1
3344,4221,1
3344,4222,1
3344,4223,1
3344,4224,1
3344,4226,1
3344,4229,1
3344,4311,1
3344,4313,1
3344,4321,1
3344,4411,1
3344,4412,1
3344,4413,1
3344,4419,1
3344,5151,1
3344,5244,1
3344,5312,1
3344,5321,2
3344,5413,1
3344,5414,1
3344,6111,1
3411,2612,1
3511,1511,3
3512,1511,3
3513,1511,6
3514,1511,1
3522,1214,1
3522,2174,1
3522,2381,1
3522,2519,1
3522,2521,1
3522,3112,1
3622,1111,1
3622,1112,1
3622,1113,1
3622,1121,1
3622,1511,1
3622,2611,1
3622,2824,1
3622,3634,1
3623,2212,1
3623,2221,1
3623,2264,1
3623,3256,1
3623,5411,1
3623,5412,1
3632,2321,2
3632,2844,1
3633,1111,1
3633,1112,1
3633,1113,1
3633,1121,1
3633,1311,1
3633,1312,1
3633,1411,1
3633,2131,1
3633,2331,1
3633,2341,1
3633,2342,1
3633,2353,1
3633,2392,1
3633,2399,1
3633,2611,1
3633,2911,1
3633,2915,1
3633,3111,1
3633,3634,2
3633,5415,1
3634,1111,1
3634,1112,1
3634,1121,1
3634,2341,1
3634,2392,1
3634,2611,1
3634,2915,1
3641,1111,1
3641,1112,1
3641,1113,1
3641,1121,1
3641,2611,1
3641,7514,2
3711,1111,1
3711,1112,1
3711,1113,1
3711,1121,1
3711,2611,1
3712,1111,1
3712,1112,1
3712,1221,1
3712,1223,1
3712,1323,1
3712,1421,1
3712,2111,1
3712,2114,1
3712,2131,1
3712,2133,1
3712,2143,1
3712,2151,1
3712,2152,1
3712,2153,1
3712,2161,1
3712,2162,1
3712,2173,1
3712,2183,1
3712,2251,1
3712,2262,1
3712,2269,1
3712,2311,1
3712,2399,1
3712,2426,1
3712,2523,1
3712,2611,1
3712,2619,1
3712,2822,1
3712,2849,1
3713,1111,1
3713,1112,1
3713,1223,1
3713,1323,1
3713,2111,1
3713,2114,1
3713,2131,1
3713,2133,1
3713,2143,1
3713,2145,1
3713,2152,1
3713,2162,1
3713,2173,1
3713,2183,1
3713,2251,1
3713,2262,1
3713,2311,1
3713,2422,1
3713,2426,1
3713,2434,1
3713,2611,1
3713,2619,1
3713,2822,1
3713,2849,1
3714,1111,1
3714,1112,1
3714,1221,1
3714,1223,1
3714,1323,1
3714,1421,1
3714,2111,1
3714,2114,1
3714,2131,1
3714,2133,1
3714,2149,1
3714,2151,1
3714,2152,1
3714,2161,1
3714,2162,1
3714,2165,1
3714,2173,1
3714,2183,1
3714,2251,1
3714,2269,1
3714,2311,1
3714,2399,1
3714,2519,1
3714,2611,1
3714,2822,1
3714,2849,1
3714,3142,1
3714,3143,1
3716,2911,1
3716,2913,1
3716,2915,1
3716,2916,1
3716,3715,1
3716,3719,1
3719,2911,1
3719,2915,1
3719,2916,1
3719,3715,1
4111,1215,1
4111,2131,1
4111,2134,1
4111,2331,1
4111,2341,1
4111,2342,1
4111,2353,1
4111,2371,1
4111,2392,1
4111,2399,1
4111,2915,1
4111,3111,1
4111,3141,1
4111,3142,1
4111,3143,1
4111,3144,1
4111,3634,1
4111,4412,2
4111,5312,1
4111,5413,1
4121,1215,1
4121,2131,1
4121,2132,1
4121,2134,1
4121,2262,1
4121,2263,1
4121,2265,3
4121,2311,1
4121,2331,1
4121,2341,1
4121,2342,1
4121,2353,1
4121,2361,1
4121,2392,1
4121,2399,1
4121,2422,1
4121,2619,1
4121,2711,1
4121,2811,2
4121,2832,1
4121,2913,1
4121,2915,1
4121,2916,1
4121,3111,1
4121,3142,1
4121,3143,1
4121,3144,1
4121,3633,1
4121,3634,1
4121,4411,2
4121,5413,1
4131,1215,1
4131,2131,1
4131,2132,1
4131,2134,1
4131,2262,1
4131,2263,1
4131,2265,3
4131,2311,1
4131,2331,1
4131,2341,1
4131,2342,1
4131,2353,1
4131,2361,1
4131,2371,1
4131,2392,1
4131,2399,1
4131,2422,1
4131,2425,1
4131,2619,1
4131,2711,1
4131,2811,2
4131,2832,1
4131,2913,1
4131,2915,1
4131,2916,1
4131,3111,1
4131,3122,1
4131,3141,1
4131,3142,1
4131,3143,1
4131,3144,1
4131,3633,1
4131,3634,1
4131,4111,4
4131,4121,4
4131,4132,4
4131,4211,2
4131,4213,1
4131,4214,1
4131,4223,1
4131,4229,2
4131,4311,2
4131,4321,3
4131,4322,1
4131,4323,2
4131,4411,2
4131,4412,2
4131,4413,2
4131,4415,2
4131,5222,1
4131,5312,1
4131,5413,1
4131,6111,1
4131,7321,1
4132,1214,1
4132,1215,1
4132,1222,1
4132,1511,1
4132,2131,1
4132,2132,1
4132,2134,1
4132,2262,1
4132,2263,1
4132,2265,3
4132,2311,1
4132,2331,1
4132,2341,1
4132,2342,1
4132,2353,1
4132,2361,1
4132,2371,1
4132,2392,1
4132,2399,1
4132,2422,1
4132,2521,1
4132,2619,1
4132,2711,1
4132,2811,2
4132,2832,1
4132,2913,1
4132,2915,1
4132,2916,1
4132,3111,1
4132,3141,1
4132,3142,1
4132,3143,1
4132,3144,1
4132,3633,1
4132,3634,1
4132,4111,4
4132,4211,2
4132,4223,1
4132,4229,2
4132,4321,3
4132,4323,2
4132,4411,2
4132,4412,2
4132,4415,2
4132,5222,1
4132,5312,1
4132,5413,1
4132,6111,1
4132,7321,1
4211,1112,1
4211,1121,1
4211,1211,1
4211,2134,1
4211,2265,2
4211,2712,1
4211,2811,1
4211,3141,1
4211,3142,1
4211,3143,1
4211,3144,1
4211,3712,1
4211,3714,1
4211,4411,1
4211,5413,1
4212,2131,1
4212,2311,1
4212,2331,1
4212,2341,1
4212,2342,1
4212,2353,1
4212,2371,1
4212,2392,1
4212,2399,1
4212,2711,1
4212,2915,1
4212,2916,1
4212,3111,1
4212,3633,1
4212,3634,1
4212,4111,1
4212,4321,1
4212,4412,1
4212,5113,1
4212,5151,1
4212,5222,1
4212,6111,1
4212,7322,1
4213,2265,1
4213,2811,1
4213,4211,1
4213,4223,1
4213,4229,1
4213,4411,1
4213,5413,1
4214,2131,1
4214,2132,1
4214,2262,1
4214,2263,1
4214,2265,1
4214,2311,1
4214,2331,1
4214,2341,1
4214,2342,1
4214,2353,1
4214,2361,1
4214,2371,1
4214,2392,1
4214,2399,1
4214,2422,1
4214,2619,1
4214,2711,1
4214,2811,1
4214,2832,1
4214,2913,1
4214,2915,1
4214,2916,1
4214,3111,1
4214,3633,1
4214,3634,1
4214,3712,1
4214,3714,1
4214,4111,1
4214,4211,1
4214,4229,1
4214,4321,1
4214,4323,1
4214,4411,1
4214,4412,1
4214,4415,1
4214,5222,1
4214,6111,1
4214,7321,1
4221,1323,1
4221,1412,1
4221,1421,1
4221,2161,1
4221,2162,1
4221,2183,1
4221,2425,1
4221,2712,1
4221,3213,1
4221,3712,1
4221,3714,1
4222,1111,1
4222,1112,1
4222,1113,1
4222,1121,1
4222,1214,1
4222,1311,1
4222,1312,1
4222,1411,1
4222,2131,1
4222,2132,1
4222,2262,1
4222,2263,1
4222,2265,2
4222,2311,2
4222,2331,1
4222,2341,1
4222,2342,1
4222,2353,1
4222,2361,1
4222,2371,1
4222,2392,1
4222,2399,1
4222,2421,1
4222,2422,2
4222,2425,2
4222,2434,2
4222,2611,1
4222,2619,2
4222,2711,2
4222,2712,1
4222,2811,2
4222,2832,1
4222,2911,1
4222,2913,1
4222,2915,1
4222,2916,1
4222,3111,1
4222,3122,2
4222,3123,1
4222,3333,1
4222,3622,1
4222,3633,2
4222,3634,2
4222,3641,1
4222,3711,1
4222,4111,2
4222,4121,2
4222,4132,2
4222,4211,1
4222,4213,1
4222,4223,1
4222,4229,2
4222,4311,2
4222,4321,2
4222,4323,2
4222,4411,2
4222,4412,2
4222,4413,2
4222,4415,1
4222,5222,2
4222,5413,1
4222,5415,1
4222,6111,1
4222,7321,1
4223,2265,1
4223,2811,1
4223,4411,1
4223,5413,1
4224,2131,1
4224,2132,1
4224,2134,1
4224,2262,1
4224,2263,1
4224,2311,1
4224,2331,1
4224,2341,1
4224,2342,1
4224,2353,1
4224,2361,1
4224,2371,1
4224,2392,1
4224,2399,1
4224,2619,1
4224,2711,1
4224,2811,2
4224,2832,1
4224,2915,1
4224,2916,1
4224,3111,1
4224,3141,1
4224,3142,1
4224,3143,1
4224,3144,1
4224,3633,1
4224,3634,1
4224,4111,3
4224,4321,3
4224,4411,2
4224,4412,2
4224,4415,1
4224,5113,1
4224,5151,2
4224,5222,1
4224,5312,1
4224,5413,1
4224,5414,1
4224,6111,1
4224,7321,1
4224,7322,1
4225,2121,1
4225,2131,1
4225,2132,1
4225,2134,1
4225,2262,1
4225,2263,1
4225,2265,3
4225,2311,1
4225,2331,1
4225,2341,1
4225,2342,1
4225,2353,1
4225,2361,1
4225,2371,1
4225,2392,1
4225,2399,1
4225,2422,1
4225,2424,1
4225,2425,1
4225,2521,1
4225,2523,1
4225,2619,1
4225,2711,1
4225,2811,2
4225,2832,1
4225,2833,1
4225,2913,1
4225,2914,1
4225,2915,1
4225,2916,1
4225,2919,2
4225,3111,1
4225,3122,1
4225,3141,1
4225,3142,1
4225,3143,1
4225,3144,1
4225,3252,1
4225,3343,1
4225,3633,1
4225,3634,1
4225,4121,3
4225,4211,2
4225,4213,1
4225,4223,1
4225,4226,1
4225,4229,2
4225,4322,1
4225,4323,2
4225,4411,2
4225,4414,1
4225,4415,1
4225,4416,2
4225,5312,1
4225,5413,1
4226,1111,1
4226,1112,1
4226,1113,1
4226,1121,1
4226,1214,1
4226,1311,1
4226,1312,1
4226,1411,1
4226,2265,1
4226,2269,1
4226,2311,1
4226,2421,1
4226,2422,1
4226,2425,1
4226,2434,1
4226,2611,1
4226,2619,1
4226,2711,1
4226,2712,1
4226,2811,1
4226,2825,1
4226,2826,1
4226,2911,1
4226,3122,2
4226,3123,1
4226,3333,1
4226,3622,1
4226,3633,1
4226,3634,1
4226,3641,1
4226,3711,1
4226,4121,1
4226,4211,1
4226,4223,1
4226,4229,2
4226,4323,1
4226,4411,2
4226,4415,1
4226,5413,1
4226,5415,1
4229,2131,1
4229,2132,1
4229,2262,1
4229,2263,1
4229,2265,2
4229,2311,1
4229,2331,1
4229,2341,1
4229,2342,1
4229,2353,1
4229,2361,1
4229,2392,1
4229,2399,1
4229,2619,1
4229,2711,1
4229,2811,2
4229,2832,1
4229,2915,1
4229,2916,1
4229,3111,1
4229,3633,1
4229,3634,1
4229,4411,3
4229,5413,1
4311,1112,1
4311,1211,2
4311,2131,1
4311,2132,1
4311,2262,1
4311,2263,1
4311,2265,2
4311,2311,1
4311,2331,1
4311,2341,1
4311,2342,1
4311,2353,1
4311,2361,1
4311,2371,1
4311,2392,1
4311,2399,1
4311,2422,1
4311,2619,1
4311,2711,1
4311,2811,2
4311,2832,1
4311,2913,1
4311,2915,1
4311,2916,1
4311,3111,1
4311,3633,1
4311,3634,1
4311,4111,2
4311,4211,2
4311,4223,1
4311,4229,2
4311,4323,1
4311,4411,2
4311,4412,2
4311,4415,1
4311,5222,1
4311,5413,1
4312,1111,1
4312,1112,1
4312,1113,1
4312,1121,1
4312,1211,1
4312,1214,1
4312,1215,1
4312,1311,2
4312,1312,2
4312,1321,1
4312,1411,2
4312,1612,1
4312,2131,1
4312,2132,1
4312,2262,1
4312,2263,1
4312,2265,1
4312,2311,2
4312,2331,1
4312,2341,1
4312,2342,1
4312,2353,1
4312,2361,1
4312,2371,1
4312,2392,1
4312,2399,1
4312,2413,1
4312,2421,1
4312,2422,2
4312,2423,1
4312,2424,2
4312,2425,3
4312,2434,1
4312,2611,2
4312,2619,2
4312,2711,2
4312,2712,1
4312,2811,1
4312,2832,1
4312,2833,1
4312,2911,1
4312,2913,1
4312,2914,2
4312,2915,1
4312,2916,1
4312,2919,1
4312,3111,1
4312,3122,1
4312,3123,1
4312,3129,1
4312,3311,1
4312,3333,1
4312,3343,2
4312,3622,1
4312,3633,2
4312,3634,2
4312,3641,1
4312,3711,1
4312,4121,2
4312,4226,1
4312,4229,1
4312,4323,2
4312,4411,1
4312,4414,1
4312,4415,2
4312,4416,2
4312,5415,1
4313,1212,1
4313,1311,1
4313,1312,1
4313,1321,1
4313,1323,1
4313,1412,1
4313,1421,1
4313,1612,1
4313,2131,1
4313,2132,1
4313,2161,1
4313,2162,1
4313,2183,1
4313,2262,1
4313,2263,1
4313,2265,2
4313,2311,1
4313,2331,1
4313,2341,1
4313,2342,1
4313,2353,1
4313,2361,1
4313,2371,1
4313,2392,1
4313,2399,1
4313,2422,1
4313,2619,1
4313,2711,1
4313,2712,1
4313,2811,2
4313,2832,1
4313,2913,1
4313,2915,1
4313,2916,1
4313,3111,1
4313,3633,1
4313,3634,1
4313,3712,1
4313,3714,1
4313,4111,2
4313,4211,1
4313,4223,1
4313,4229,2
4313,4321,2
4313,4323,1
4313,4411,2
4313,4412,2
4313,4415,1
4313,5113,1
4313,5222,1
4313,5413,1
4313,6111,2
4313,7321,1
4313,7322,1
4321,2131,1
4321,2134,1
4321,2331,1
4321,2341,1
4321,2342,1
4321,2353,1
4321,2371,1
4321,2392,1
4321,2399,1
4321,2915,1
4321,3111,1
4321,3142,1
4321,3143,1
4321,3144,1
4321,3213,1
4321,3634,1
4321,4412,2
4321,5312,1
4321,5413,1
4321,6111,1
4322,2134,1
4322,2265,1
4322,2711,1
4322,3141,1
4322,3142,1
4322,3143,1
4322,3144,1
4322,3641,1
4322,4211,1
4322,4323,1
4322,5312,1
4323,1111,1
4323,1112,1
4323,1113,1
4323,1121,1
4323,1214,1
4323,1311,1
4323,1312,1
4323,1324,1
4323,1411,1
4323,2131,1
4323,2132,1
4323,2134,1
4323,2182,1
4323,2262,1
4323,2263,1
4323,2265,2
4323,2311,2
4323,2331,1
4323,2341,1
4323,2342,1
4323,2353,1
4323,2361,1
4323,2392,1
4323,2399,1
4323,2611,1
4323,2619,2
4323,2711,2
4323,2712,1
4323,2811,1
4323,2832,1
4323,2911,1
4323,2915,1
4323,2916,1
4323,3111,1
4323,3123,1
4323,3141,1
4323,3142,1
4323,3143,1
4323,3144,1
4323,3622,1
4323,3633,2
4323,3634,2
4323,3641,1
4323,4411,1
4323,5312,1
4323,5415,1
4411,2131,1
4411,2263,1
4411,2311,1
4411,2331,1
4411,2341,1
4411,2353,1
4411,2392,1
4411,2399,1
4411,2711,1
4411,2915,1
4411,2916,1
4411,3634,1
4412,2342,1
4412,2371,1
4412,2392,1
4412,2915,1
4412,5413,1
4413,2131,1
4413,2132,1
4413,2262,1
4413,2263,1
4413,2265,2
4413,2311,1
4413,2331,1
4413,2341,1
4413,2342,1
4413,2353,1
4413,2361,1
4413,2371,1
4413,2392,1
4413,2399,1
4413,2422,1
4413,2619,1
4413,2711,1
4413,2811,2
4413,2832,2
4413,2913,1
4413,2915,1
4413,2916,1
4413,3111,1
4413,3633,1
4413,3634,1
4413,4211,1
4413,4223,1
4413,4229,2
4413,4323,1
4413,4411,3
4413,4412,3
4413,4415,1
4413,5413,1
4414,2131,1
4414,2132,1
4414,2262,1
4414,2263,1
4414,2265,1
4414,2311,1
4414,2331,1
4414,2341,1
4414,2342,1
4414,2353,1
4414,2361,1
4414,2371,1
4414,2392,1
4414,2399,1
4414,2422,1
4414,2425,1
4414,2619,1
4414,2711,1
4414,2811,1
4414,2832,2
4414,2913,1
4414,2915,1
4414,2916,1
4414,3111,1
4414,3633,1
4414,3634,1
4414,4121,1
4414,4229,1
4414,4323,1
4414,4411,2
4414,4415,1
4415,1215,1
4415,1223,1
4415,1311,1
4415,1321,1
4415,2131,1
4415,2182,1
4415,2269,1
4415,2311,1
4415,2331,1
4415,2341,1
4415,2342,1
4415,2353,1
4415,2392,1
4415,2399,1
4415,2711,1
4415,2825,1
4415,2826,1
4415,2915,1
4415,2916,1
4415,3111,1
4415,3142,1
4415,3633,1
4415,3634,1
4416,1215,1
4416,2131,1
4416,2132,1
4416,2134,1
4416,2262,1
4416,2263,1
4416,2265,2
4416,2269,1
4416,2311,1
4416,2331,1
4416,2341,1
4416,2342,1
4416,2353,1
4416,2361,1
4416,2392,1
4416,2399,1
4416,2422,1
4416,2425,1
4416,2619,1
4416,2711,1
4416,2811,1
4416,2825,1
4416,2826,1
4416,2832,1
4416,2913,1
4416,2915,1
4416,2916,1
4416,3111,1
4416,3141,1
4416,3142,1
4416,3143,1
4416,3144,1
4416,3633,1
4416,3634,1
4416,4121,3
4416,4211,1
4416,4229,1
4416,4323,2
4416,4411,1
4416,4415,3
4416,5312,1
4419,1111,1
4419,1112,1
4419,1113,1
4419,1121,1
4419,1214,1
4419,1311,2
4419,1312,2
4419,1321,1
4419,1323,1
4419,1411,1
4419,1412,1
4419,1421,1
4419,1612,1
4419,2161,1
4419,2162,1
4419,2183,1
4419,2265,1
4419,2311,1
4419,2421,1
4419,2422,1
4419,2425,3
4419,2434,1
4419,2611,1
4419,2619,1
4419,2711,1
4419,2712,2
4419,2811,1
4419,2911,1
4419,3122,2
4419,3123,1
4419,3333,1
4419,3622,1
4419,3633,1
4419,3634,1
4419,3641,1
4419,3711,1
4419,3712,1
4419,3714,1
4419,4121,1
4419,4211,1
4419,4213,1
4419,4223,1
4419,4229,1
4419,4323,1
4419,4411,1
4419,5413,1
4419,5415,1
5113,2131,1
5113,2331,1
5113,2341,1
5113,2342,1
5113,2353,1
5113,2371,1
5113,2392,1
5113,2399,1
5113,2915,1
5113,3111,1
5113,3634,1
5113,4412,1
5113,6111,1
5121,5111,1
5121,5152,1
5121,7512,2
5121,7513,2
5121,7514,2
5131,5111,1
5131,5212,1
5131,7512,1
5131,7513,1
5131,7514,1
5132,5111,1
5132,5131,1
5132,5212,1
5132,7512,1
5132,7513,1
5132,7514,1
5141,5142,1
5151,5152,1
5151,5413,1
5151,5414,1
5152,7512,1
5152,7514,1
5153,3135,1
5153,8112,1
5153,8113,1
5211,1121,1
5211,5221,2
5211,8322,1
5221,1121,1
5221,8322,1
5222,1111,1
5222,1112,1
5222,1113,1
5222,1121,1
5222,1222,1
5222,1311,1
5222,1312,1
5222,1411,1
5222,2131,1
5222,2331,1
5222,2341,1
5222,2342,1
5222,2353,1
5222,2371,1
5222,2392,1
5222,2399,1
5222,2611,1
5222,2712,1
5222,2911,1
5222,2915,1
5222,3111,1
5222,3123,1
5222,3213,1
5222,3622,1
5222,3634,2
5222,3641,1
5222,3711,1
5222,4412,1
5222,5415,1
5223,1311,1
5223,1412,1
5223,2131,1
5223,2331,1
5223,2341,1
5223,2342,1
5223,2353,1
5223,2371,1
5223,2392,1
5223,2399,1
5223,2915,1
5223,3111,1
5223,3213,2
5223,3634,1
5223,4321,3
5223,4412,2
5223,5113,1
5223,5121,1
5223,5151,2
5223,5231,2
5223,5413,1
5223,5414,1
5223,6111,1
5223,7322,1
5231,1121,1
5231,5151,1
5231,5312,1
5231,5413,1
5231,5414,1
5241,6211,1
5242,1511,1
5242,3631,1
5242,5241,1
5242,8132,1
5243,6211,1
5244,1221,1
5244,1222,1
5244,1421,1
5244,2131,1
5244,2132,1
5244,2262,1
5244,2263,1
5244,2265,2
5244,2311,1
5244,2331,1
5244,2341,1
5244,2342,1
5244,2353,1
5244,2361,1
5244,2371,1
5244,2392,1
5244,2399,1
5244,2422,1
5244,2425,1
5244,2431,1
5244,2619,1
5244,2711,1
5244,2811,2
5244,2832,1
5244,2913,1
5244,2915,1
5244,2916,1
5244,3111,1
5244,3122,1
5244,3633,1
5244,3634,1
5244,4121,2
5244,4211,1
5244,4213,1
5244,4223,1
5244,4229,2
5244,4323,1
5244,4411,2
5244,4412,2
5244,4413,2
5244,4415,1
5244,5413,1
5312,3221,1
5322,3221,1
5322,5151,1
5322,5152,2
5322,5311,2
5322,5312,2
5322,5321,2
5322,7511,1
5322,7512,1
5322,7513,1
5322,7514,1
5322,9112,1
5322,9411,1
5411,2212,1
5412,2212,1
5415,1111,1
5415,1112,1
5415,1113,1
5415,1121,1
5415,1312,1
5415,2611,1
5415,3634,1
6111,2341,1
6111,2342,1
6111,2371,1
6111,2392,1
6111,2915,1
6111,3133,1
6111,3135,1
6111,4412,1
6111,5413,1
6111,6113,2
6111,6114,2
6111,6122,2
6111,6129,2
6111,6131,2
6111,6211,2
6111,6224,2
6111,6311,2
6111,6331,2
6112,6111,2
6112,6113,2
6112,6114,2
6112,6122,2
6112,6123,2
6112,6129,2
6112,6131,2
6112,6211,2
6112,6221,2
6112,6224,2
6112,6311,2
6112,6331,2
6114,6113,2
6121,6113,2
6121,6122,2
6121,6129,2
6121,6211,2
6121,6221,2
6121,6222,2
6121,6224,2
6121,6311,2
6122,6113,2
6123,6113,2
6123,6114,2
6123,6122,2
6123,6129,2
6123,6131,2
6123,6211,2
6123,6224,2
6123,6311,2
6123,6331,2
6129,6113,2
6129,6122,2
6129,6211,2
6131,6113,2
6131,6114,2
6131,6122,2
6131,6211,2
6221,6211,2
6221,6224,2
6311,6113,2
6311,6211,2
6321,6113,2
6321,6114,2
6321,6122,2
6321,6129,2
6321,6131,2
6321,6211,2
6321,6221,2
6321,6224,2
6321,6311,2
6321,6331,2
6331,6113,2
6331,6114,2
6331,6122,2
6331,6129,2
6331,6211,2
6331,6224,2
6331,6311,2
7121,7112,1
7121,7114,2
7121,7115,1
7121,7119,2
7121,7122,2
7121,7123,2
7121,7124,2
7121,7126,2
7121,7131,2
7121,7132,2
7121,7212,1
7121,7213,1
7121,7214,2
7121,7612,1
7124,7115,1
7124,7119,2
7124,7122,2
7124,7123,2
7124,7126,2
7124,7132,2
7124,7212,2
7124,7213,2
7124,7214,2
7124,7233,1
7124,7239,1
7124,7411,1
7124,7412,1
7124,7413,1
7124,7421,1
7124,7422,1
7124,7612,1
7124,8212,1
7127,2173,1
7127,7213,1
7127,7221,1
7127,7231,1
7127,7232,1
7127,7239,2
7127,7311,2
7127,7313,1
7127,7411,1
7127,7412,1
7127,7421,1
7127,7422,1
7127,8111,1
7127,8112,1
7127,8113,1
7127,8211,1
7321,2131,1
7321,2311,1
7321,2321,1
7321,2331,1
7321,2341,1
7321,2342,1
7321,2353,1
7321,2371,1
7321,2392,1
7321,2399,1
7321,2711,1
7321,2915,1
7321,2916,1
7321,3111,1
7321,3631,2
7321,3633,1
7321,3634,1
7321,4111,1
7321,4412,1
7321,5222,1
7322,2342,1
7322,2392,1
7422,3151,1
7422,3154,1
7422,7213,1
7422,7421,4
7633,5241,1
7633,6211,1
7633,7515,2
7633,7516,1
7634,3131,1
7634,3132,1
7634,3133,1
7634,3134,1
7634,3135,1
7634,8111,1
7634,8112,1
7634,8113,1
7634,8114,1
7634,8121,1
7634,8122,1
7634,8131,1
7634,8132,1
7634,8141,1
7634,8143,1
7634,8151,1
7634,8152,1
7634,8154,1
7634,8156,1
7634,8161,1
7634,8171,1
7634,8181,1
7634,8182,1
7634,8183,1
7634,8189,1
7634,8211,1
8132,7211,1
8132,7221,1
8132,7222,1
8132,7224,1
8132,8111,1
8132,8112,2
8132,8113,2
8132,8114,2
8132,8121,2
8132,8122,2
8132,8131,2
8132,8141,2
8132,8151,2
8132,8154,2
8132,8156,2
8132,8182,2
8132,8189,2
8132,8211,1
8132,8221,1
8311,8322,1
8321,8312,1
8321,8322,1
8321,8331,1
8321,8343,1
8332,8312,1
8332,8331,2
8332,8343,2
8344,8111,1
8344,8112,1
8344,8113,1
8344,8331,1
9333,9334,1
9411,5152,1
9411,5311,1
9411,7512,1
9411,7513,1
9411,7514,1